fund_family,fund_name,share_class,isin,num_countries,authorized_countries_list
FRENCH FUNDS,ODDO BHF Active Small Cap,CR-EUR,FR0011606268,10,"Germany, Austria, Spain, Italy, Luxembourg, The Netherlands, Sweden, Switzerland, Finland, Denmark"
FRENCH FUNDS,ODDO BHF Active Small Cap,CI-EUR,FR0011606276,10,"Germany, Austria, Spain, Italy, Luxembourg, The Netherlands, Sweden, Switzerland, Finland, Denmark"
FRENCH FUNDS,ODDO BHF Active Small Cap,CN-EUR,FR0013106739,10,"Germany, Austria, Spain, Italy, Luxembourg, The Netherlands, Sweden, Switzerland, Finland, Denmark"
FRENCH FUNDS,ODDO BHF Active Small Cap,GC-EUR,FR0011606284,10,"Germany, Austria, Spain, Italy, Luxembourg, The Netherlands, Sweden, Switzerland, Finland, Denmark"
FRENCH FUNDS,ODDO BHF Active Micro Cap,CI-EUR,FR0013266269,4,"Germany, Italy, Sweden, Switzerland"
FRENCH FUNDS,ODDO BHF Active Micro Cap,CR-EUR,FR0013266244,4,"Germany, Italy, Sweden, Switzerland"
FRENCH FUNDS,ODDO BHF Active Micro Cap,CN-EUR,FR0013266277,4,"Germany, Italy, Sweden, Switzerland"
FRENCH FUNDS,ODDO BHF Active Micro Cap,GC-EUR,FR0013266293,3,"Germany, Italy, Switzerland"
FRENCH FUNDS,ODDO BHF Active Micro Cap,CR-EUR,FR0000989899,5,"Germany, Austria, Spain, Italy, Switzerland"
FRENCH FUNDS,ODDO BHF Active Micro Cap,DR-EUR,FR0000989907,5,"Germany, Austria, Spain, Italy, Switzerland"
FRENCH FUNDS,ODDO BHF Active Micro Cap,GC-EUR,FR0011603877,5,"Germany, Austria, Spain, Italy, Switzerland"
FRENCH FUNDS,ODDO BHF Active Micro Cap,CN-EUR,FR0012806578,5,"Germany, Austria, Spain, Italy, Switzerland"
FRENCH FUNDS,ODDO BHF Active Micro Cap,DN-EUR,FR0013302429,5,"Germany, Austria, Spain, Italy, Switzerland"
FRENCH FUNDS,ODDO BHF Avenir Euro,CR-EUR,FR0000990095,7,"Germany, Austria, Spain, Italy, The Netherlands, Singapore, Switzerland"
FRENCH FUNDS,ODDO BHF Avenir Euro,CI-EUR,FR0010247783,7,"Germany, Austria, Spain, Italy, The Netherlands, Singapore, Switzerland"
FRENCH FUNDS,ODDO BHF Avenir Euro,CP-EUR,FR0011571371,7,"Germany, Austria, Spain, Italy, The Netherlands, Singapore, Switzerland"
FRENCH FUNDS,ODDO BHF Avenir Euro,GC-EUR,FR0011572486,7,"Germany, Austria, Spain, Italy, The Netherlands, Singapore, Switzerland"
FRENCH FUNDS,ODDO BHF Avenir Euro,CN-EUR,FR0013274354,7,"Germany, Austria, Spain, Italy, The Netherlands, Singapore, Switzerland"
FRENCH FUNDS,ODDO BHF Avenir Euro,DI-EUR,FR0013498573,7,"Germany, Austria, Spain, Italy, The Netherlands, Singapore, Switzerland"
FRENCH FUNDS,ODDO BHF Avenir Europe,CR-EUR,FR0000974149,11,"Germany, Austria, Belgium, Spain, Italy, Luxembourg, The Netherlands, Portugal, Singapore, Sweden, Switzerland"
FRENCH FUNDS,ODDO BHF Avenir Europe,CI-EUR,FR0010251108,11,"Germany, Austria, Belgium, Spain, Italy, Luxembourg, The Netherlands, Portugal, Singapore, Sweden, Switzerland"
FRENCH FUNDS,ODDO BHF Avenir Europe,CN-EUR,FR0011036920,11,"Germany, Austria, Belgium, Spain, Italy, Luxembourg, The Netherlands, Portugal, Singapore, Sweden, Switzerland"
FRENCH FUNDS,ODDO BHF Avenir Europe,DR-EUR,FR0011380070,10,"Germany, Austria, Belgium, Spain, Italy, The Netherlands, Portugal, Singapore, Sweden, Switzerland"
FRENCH FUNDS,ODDO BHF Avenir Europe,GC-EUR,FR0011603901,9,"Germany, Austria, Spain, Italy, The Netherlands, Portugal, Singapore, Sweden, Switzerland"
FRENCH FUNDS,ODDO BHF Avenir Europe,CR-USD [H],FR0012224640,9,"Germany, Austria, Spain, Italy, The Netherlands, Portugal, Singapore, Sweden, Switzerland"
FRENCH FUNDS,ODDO BHF Avenir Europe,DI-EUR,FR0013312071,9,"Germany, Austria, Spain, Italy, The Netherlands, Portugal, Singapore, Sweden, Switzerland"
FRENCH FUNDS,ODDO BHF Avenir Europe,CN-CHF [H],FR0013335791,8,"Germany, Austria, Spain, Italy, The Netherlands, Portugal, Sweden, Switzerland"
FRENCH FUNDS,ODDO BHF China Equity Stars,CR-EUR,FR001400USF8,1,Germany
FRENCH FUNDS,ODDO BHF China Equity Stars,CI-EUR,FR001400USJ0,1,Germany
FRENCH FUNDS,ODDO BHF China Equity Stars,CRw-EUR,FR001400USH4,1,Germany
FRENCH FUNDS,ODDO BHF China Equity Stars,CN-EUR,FR001400USI2,1,Germany
FRENCH FUNDS,ODDO BHF China Equity Stars,GC-EUR,FR001400USG6,1,Germany
FRENCH FUNDS,ODDO BHF Generation,CR-EUR,FR0010574434,11,"Germany, Belgium, Spain, Italy, Luxembourg, The Netherlands, Portugal, Sweden, Switzerland, Finland, Norway (fund)"
FRENCH FUNDS,ODDO BHF Generation,CI-EUR,FR0010576728,11,"Germany, Belgium, Spain, Italy, Luxembourg, The Netherlands, Portugal, Sweden, Switzerland, Finland, Norway (fund)"
FRENCH FUNDS,ODDO BHF Generation,DR-EUR,FR0010576736,10,"Germany, Spain, Italy, Luxembourg, The Netherlands, Portugal, Sweden, Switzerland, Finland, Norway (fund)"
FRENCH FUNDS,ODDO BHF Generation,GC-EUR,FR0011605542,10,"Germany, Spain, Italy, Luxembourg, The Netherlands, Portugal, Sweden, Switzerland, Finland, Norway (fund)"
FRENCH FUNDS,ODDO BHF Generation,CN-EUR,FR0012847150,10,"Germany, Spain, Italy, Luxembourg, The Netherlands, Portugal, Sweden, Switzerland, Finland, Norway (fund)"
FRENCH FUNDS,ODDO BHF Generation,uCRw-EUR,FR0013420809,11,"Germany, Belgium, Spain, Italy, Luxembourg, The Netherlands, Portugal, Sweden, Switzerland, Finland, Norway (fund)"
FRENCH FUNDS,ODDO BHF Generation,uCRw-CHF [H],FR0013420817,10,"Germany, Spain, Italy, Luxembourg, The Netherlands, Portugal, Sweden, Switzerland, Finland, Norway (fund)"
FRENCH FUNDS,ODDO BHF Generation,uDRw-EUR,FR0013420825,11,"Germany, Belgium, Spain, Italy, Luxembourg, The Netherlands, Portugal, Sweden, Switzerland, Finland, Norway (fund)"
FRENCH FUNDS,ODDO BHF Generation,uDRw-CHF [H],FR0013420833,10,"Germany, Spain, Italy, Luxembourg, The Netherlands, Portugal, Sweden, Switzerland, Finland, Norway (fund)"
FRENCH FUNDS,ODDO BHF Generation,uCPw-EUR,FR0013420841,11,"Germany, Belgium, Spain, Italy, Luxembourg, The Netherlands, Portugal, Sweden, Switzerland, Finland, Norway (fund)"
FRENCH FUNDS,ODDO BHF Generation,uCPw-CHF [H],FR0013420858,10,"Germany, Spain, Italy, Luxembourg, The Netherlands, Portugal, Sweden, Switzerland, Finland, Norway (fund)"
FRENCH FUNDS,ODDO BHF Generation,uDPw-EUR,FR0013420866,11,"Germany, Belgium, Spain, Italy, Luxembourg, The Netherlands, Portugal, Sweden, Switzerland, Finland, Norway (fund)"
FRENCH FUNDS,ODDO BHF Generation,uDPw-CHF [H],FR0013420874,10,"Germany, Spain, Italy, Luxembourg, The Netherlands, Portugal, Sweden, Switzerland, Finland, Norway (fund)"
FRENCH FUNDS,ODDO BHF Global Target 2026,CR-EUR,FR0013426657,5,"Spain, Italy, Sweden, Switzerland, Finland"
FRENCH FUNDS,ODDO BHF Global Target 2026,CI-EUR,FR0013426665,6,"Spain, Italy, Luxembourg, Sweden, Switzerland, Finland"
FRENCH FUNDS,ODDO BHF Global Target 2026,CN-EUR,FR0013426673,6,"Spain, Italy, Luxembourg, Sweden, Switzerland, Finland"
FRENCH FUNDS,ODDO BHF Global Target 2026,DR-EUR,FR0013426681,5,"Spain, Italy, Sweden, Switzerland, Finland"
FRENCH FUNDS,ODDO BHF Global Target 2026,DI-EUR,FR0013426699,5,"Spain, Italy, Sweden, Switzerland, Finland"
FRENCH FUNDS,ODDO BHF Global Target 2026,DN-EUR,FR0013426707,5,"Spain, Italy, Sweden, Switzerland, Finland"
FRENCH FUNDS,ODDO BHF Global Target 2026,DRw-EUR,FR0013450319,6,"Germany, Spain, Italy, Sweden, Switzerland, Finland"
FRENCH FUNDS,ODDO BHF Global Target 2026,DIw-EUR,FR0013450335,6,"Germany, Spain, Italy, Sweden, Switzerland, Finland"
FRENCH FUNDS,ODDO BHF Global Target 2026,CN-USD (H),FR0013468857,5,"Spain, Italy, Sweden, Switzerland, Finland"
FRENCH FUNDS,ODDO BHF Global Target 2026,CN-CHF (H),FR0013468808,5,"Spain, Italy, Sweden, Switzerland, Finland"
FRENCH FUNDS,ODDO BHF Haut Rendement 2025,DI-EUR,FR0013300712,6,"Germany, Spain, Italy, Luxembourg, Portugal, Switzerland"
FRENCH FUNDS,ODDO BHF Haut Rendement 2025,DR-EUR,FR0013300704,6,"Germany, Spain, Italy, Luxembourg, Portugal, Switzerland"
FRENCH FUNDS,ODDO BHF Haut Rendement 2025,CI-EUR,FR0013300696,6,"Germany, Spain, Italy, Luxembourg, Portugal, Switzerland"
FRENCH FUNDS,ODDO BHF Haut Rendement 2025,CR-EUR,FR0013300688,6,"Germany, Spain, Italy, Luxembourg, Portugal, Switzerland"
FRENCH FUNDS,ODDO BHF Haut Rendement 2025,CN-EUR,FR0013300746,6,"Germany, Spain, Italy, Luxembourg, Portugal, Switzerland"
FRENCH FUNDS,ODDO BHF Haut Rendement 2025,CN-CHF [H],FR0013300787,6,"Germany, Spain, Italy, Luxembourg, Portugal, Switzerland"
FRENCH FUNDS,ODDO BHF Haut Rendement 2025,GC-EUR,FR0013300720,6,"Germany, Spain, Italy, Luxembourg, Portugal, Switzerland"
FRENCH FUNDS,ODDO BHF Immobilier,CR-EUR,FR0000989915,6,"Germany, Spain, Italy, Portugal, Sweden, Switzerland"
FRENCH FUNDS,ODDO BHF Immobilier,CI-EUR,FR0010251124,6,"Germany, Spain, Italy, Portugal, Sweden, Switzerland"
FRENCH FUNDS,ODDO BHF Immobilier,CN-EUR,FR0011109354,6,"Germany, Spain, Italy, Portugal, Sweden, Switzerland"
FRENCH FUNDS,ODDO BHF Immobilier,DR-EUR,FR0000989923,6,"Germany, Spain, Italy, Portugal, Sweden, Switzerland"
FRENCH FUNDS,ODDO BHF Immobilier,DI-EUR,FR0013267085,6,"Germany, Spain, Italy, Portugal, Sweden, Switzerland"
FRENCH FUNDS,ODDO BHF Immobilier,GC-EUR,FR0011605567,6,"Germany, Spain, Italy, Portugal, Sweden, Switzerland"
FRENCH FUNDS,ODDO BHF Euro Short Term Bond,CR-EUR,FR0007067673,5,"Germany, Austria, Spain, Italy, Switzerland"
FRENCH FUNDS,ODDO BHF Euro Short Term Bond,CN-EUR,FR0013279940,5,"Germany, Austria, Spain, Italy, Switzerland"
FRENCH FUNDS,ODDO BHF Euro Short Term Bond,DI-EUR,FR001400PWL8,5,"Germany, Austria, Spain, Italy, Switzerland"
FRENCH FUNDS,ODDO BHF Euro Short Term Bond,CI-EUR,FR0013336393,5,"Germany, Austria, Spain, Italy, Switzerland"
FRENCH FUNDS,ODDO BHF Patrimoine,CR-EUR,FR0000992042,2,"Germany, Belgium"
FRENCH FUNDS,ODDO BHF Patrimoine,CI-EUR,FR0010290940,1,Germany
FRENCH FUNDS,ODDO BHF Patrimoine,GC-EUR,FR0011605658,1,Germany
FRENCH FUNDS,ODDO BHF Patrimoine,CN-EUR,FR0013279957,1,Germany
FRENCH FUNDS,ODDO BHF ProActif Europe,CR-EUR,FR0010109165,8,"Germany, Belgium, Spain, Italy, Luxembourg, Portugal, Sweden, Switzerland"
FRENCH FUNDS,ODDO BHF ProActif Europe,CI-EUR,FR0010234351,7,"Germany, Spain, Italy, Luxembourg, Portugal, Sweden, Switzerland"
FRENCH FUNDS,ODDO BHF ProActif Europe,CN-EUR,FR0011159888,8,"Germany, Belgium, Spain, Italy, Luxembourg, Portugal, Sweden, Switzerland"
FRENCH FUNDS,ODDO BHF ProActif Europe,GC-EUR,FR0011605666,7,"Germany, Spain, Italy, Luxembourg, Portugal, Sweden, Switzerland"
ODDO BHF US MID CAP,ODDO BHF ProActif Europe,CR-USD,FR0010680538,4,"Germany, Spain, Italy, Switzerland"
ODDO BHF US MID CAP,ODDO BHF ProActif Europe,CR-EUR,FR0000988669,4,"Germany, Spain, Italy, Switzerland"
ODDO BHF US MID CAP,ODDO BHF ProActif Europe,GC-EUR,FR0011606326,4,"Germany, Spain, Italy, Switzerland"
ODDO BHF US MID CAP,ODDO BHF ProActif Europe,CI-EUR [H],FR0013245784,4,"Germany, Spain, Italy, Switzerland"
ODDO BHF US MID CAP,ODDO BHF ProActif Europe,CN-EUR,FR0013279981,4,"Germany, Spain, Italy, Switzerland"
ODDO BHF US MID CAP,ODDO BHF ProActif Europe,CN-USD,FR0013301660,4,"Germany, Spain, Italy, Switzerland"
ODDO BHF US MID CAP,ODDO BHF European High Dividend,CR-EUR,FR0000989758,3,"Germany, Austria, Switzerland"
ODDO BHF US MID CAP,ODDO BHF European High Dividend,CI-EUR,FR0010258731,3,"Germany, Austria, Switzerland"
ODDO BHF US MID CAP,ODDO BHF European High Dividend,GC-EUR,FR0011606334,3,"Germany, Austria, Switzerland"
ODDO BHF US MID CAP,ODDO BHF European High Dividend,DR-EUR,FR0014010Q59,3,"Germany, Austria, Switzerland"
ODDO BHF US MID CAP,ODDO BHF European High Dividend,DI-EUR,FR001400ZAU4,3,"Germany, Austria, Switzerland"
ODDO BHF US MID CAP,ODDO BHF European High Dividend,CN-EUR,FR0013274370,3,"Germany, Austria, Switzerland"
ODDO BHF US MID CAP,ODDO BHF European High Dividend,Pilotage Sélection Equilibrée,FR0011250299,1,Italy
ODDO BHF US MID CAP,ODDO BHF European High Dividend,Pilotage Sélection Défensive,FR0011250315,1,Italy
ODDO BHF US MID CAP,ODDO BHF European High Dividend,Pilotage Sélection Dynamique,FR0011250281,1,Italy
ODDO BHF US MID CAP,ODDO BHF European High Dividend,Pilotage Sélection Durable,FR0011250307,1,Italy
SICAV ODDO BHF,ODDO BHF METROPOLE Selection,METROPOLE Selection A,FR0007078811,7,"Germany, Belgium, Spain, Italy, Luxembourg, Sweden, Switzerland"
SICAV ODDO BHF,ODDO BHF METROPOLE Selection,METROPOLE Selection E,FR0011468602,8,"Germany, Belgium, Spain, Italy, Luxembourg, United Kingdom, Sweden, Switzerland"
SICAV ODDO BHF,ODDO BHF METROPOLE Selection,METROPOLE Selection USD Hedged,FR0012068492,2,"Luxembourg, Switzerland"
SICAV ODDO BHF,ODDO BHF METROPOLE Selection,METROPOLE Selection I,FR001400LQP0,7,"Germany, Belgium, Spain, Italy, Luxembourg, Sweden, Switzerland"
SICAV ODDO BHF,ODDO BHF METROPOLE Selection,METROPOLE Selection R,FR001400LQQ8,7,"Germany, Belgium, Spain, Italy, Luxembourg, Sweden, Switzerland"
SICAV ODDO BHF,ODDO BHF METROPOLE Euro SRI,METROPOLE Euro SRI A,FR0010632364,6,"Germany, Spain, Italy, Luxembourg, United Kingdom, Switzerland"
SICAV ODDO BHF,ODDO BHF METROPOLE Euro SRI,METROPOLE Euro SRI C,FR0014007BE9,4,"Germany, Austria, Luxembourg, Switzerland"
SICAV ODDO BHF,ODDO BHF METROPOLE Euro SRI,METROPOLE Euro SRI E,FR0013185055,6,"Germany, Spain, Italy, Luxembourg, United Kingdom, Switzerland"
SICAV ODDO BHF,ODDO BHF METROPOLE Euro SRI,METROPOLE Euro SRI I,FR001400LRG7,5,"Germany, Spain, Italy, Luxembourg, Switzerland"
SICAV ODDO BHF,ODDO BHF METROPOLE Euro SRI,METROPOLE Euro SRI R,FR001400LRK9,5,"Germany, Spain, Italy, Luxembourg, Switzerland"
ODDO BHF GLOBAL TARGET 2028,ODDO BHF METROPOLE Euro SRI,ODDO BHF GLOBAL TARGET 2028 CI-EUR,FR001400C7V2,8,"Germany, Austria, Belgium, Spain, Italy, Luxembourg, Portugal, Switzerland"
ODDO BHF GLOBAL TARGET 2028,ODDO BHF METROPOLE Euro SRI,ODDO BHF GLOBAL TARGET 2028 CN-EUR,FR001400C7Z3,8,"Germany, Austria, Belgium, Spain, Italy, Luxembourg, Portugal, Switzerland"
ODDO BHF GLOBAL TARGET 2028,ODDO BHF METROPOLE Euro SRI,ODDO BHF GLOBAL TARGET 2028 CR-EUR,FR001400C7W0,8,"Germany, Austria, Belgium, Spain, Italy, Luxembourg, Portugal, Switzerland"
ODDO BHF GLOBAL TARGET 2028,ODDO BHF METROPOLE Euro SRI,ODDO BHF GLOBAL TARGET 2028 DI-EUR,FR001400C7X8,8,"Germany, Austria, Belgium, Spain, Italy, Luxembourg, Portugal, Switzerland"
ODDO BHF GLOBAL TARGET 2028,ODDO BHF METROPOLE Euro SRI,ODDO BHF GLOBAL TARGET 2028 DIw-EUR,FR001400C7Y6,8,"Germany, Austria, Belgium, Spain, Italy, Luxembourg, Portugal, Switzerland"
ODDO BHF GLOBAL TARGET 2028,ODDO BHF METROPOLE Euro SRI,ODDO BHF GLOBAL TARGET 2028 DN-EUR,FR001400C833,8,"Germany, Austria, Belgium, Spain, Italy, Luxembourg, Portugal, Switzerland"
ODDO BHF GLOBAL TARGET 2028,ODDO BHF METROPOLE Euro SRI,ODDO BHF GLOBAL TARGET 2028 DR-EUR,FR001400C817,8,"Germany, Austria, Belgium, Spain, Italy, Luxembourg, Portugal, Switzerland"
ODDO BHF GLOBAL TARGET 2028,ODDO BHF METROPOLE Euro SRI,ODDO BHF GLOBAL TARGET 2028 DRw-EUR,FR001400C825,8,"Germany, Austria, Belgium, Spain, Italy, Luxembourg, Portugal, Switzerland"
ODDO BHF GLOBAL TARGET 2028,ODDO BHF METROPOLE Euro SRI,ODDO BHF GLOBAL TARGET 2028 CI-CHF [H],FR001400DN20,8,"Germany, Austria, Belgium, Spain, Italy, Luxembourg, Portugal, Switzerland"
ODDO BHF GLOBAL TARGET 2028,ODDO BHF METROPOLE Euro SRI,ODDO BHF GLOBAL TARGET 2028 CR-CHF [H,FR001400DN38,8,"Germany, Austria, Belgium, Spain, Italy, Luxembourg, Portugal, Switzerland"
ODDO BHF GLOBAL TARGET 2028,ODDO BHF METROPOLE Euro SRI,ODDO BHF GLOBAL TARGET 2028 CI-USD [H],FR001400DN46,8,"Germany, Austria, Belgium, Spain, Italy, Luxembourg, Portugal, Switzerland"
ODDO BHF GLOBAL TARGET 2028,ODDO BHF METROPOLE Euro SRI,ODDO BHF GLOBAL TARGET 2028 CR-USD [H],FR001400DN53,8,"Germany, Austria, Belgium, Spain, Italy, Luxembourg, Portugal, Switzerland"
ODDO BHF GLOBAL TARGET 2028,ODDO BHF METROPOLE Euro SRI,ODDO BHF GLOBAL TARGET 2028 CN-CHF [H],FR001400GBW8,8,"Germany, Austria, Belgium, Spain, Italy, Luxembourg, Portugal, Switzerland"
ODDO BHF GLOBAL TARGET 2028,ODDO BHF METROPOLE Euro SRI,ODDO BHF GLOBAL TARGET 2028 CIw-EUR,FR001400UGF3,8,"Germany, Austria, Belgium, Spain, Italy, Luxembourg, Portugal, Switzerland"
ODDO BHF GLOBAL TARGET IG 2029,ODDO BHF METROPOLE Euro SRI,ODDO BHF GLOBAL TARGET IG 2029 CI-EUR,FR001400HHP7,8,"Germany, Austria, Belgium, Spain, Italy, Luxembourg, Portugal, Switzerland"
ODDO BHF GLOBAL TARGET IG 2029,ODDO BHF METROPOLE Euro SRI,ODDO BHF GLOBAL TARGET IG 2029 CN-EUR,FR001400HHR3,8,"Germany, Austria, Belgium, Spain, Italy, Luxembourg, Portugal, Switzerland"
ODDO BHF GLOBAL TARGET IG 2029,ODDO BHF METROPOLE Euro SRI,ODDO BHF GLOBAL TARGET IG 2029 CR-EUR,FR001400HHQ5,8,"Germany, Austria, Belgium, Spain, Italy, Luxembourg, Portugal, Switzerland"
ODDO BHF GLOBAL TARGET IG 2029,ODDO BHF METROPOLE Euro SRI,ODDO BHF GLOBAL TARGET IG 2029 DIw-EUR,FR001400HHT9,8,"Germany, Austria, Belgium, Spain, Italy, Luxembourg, Portugal, Switzerland"
ODDO BHF GLOBAL TARGET IG 2029,ODDO BHF METROPOLE Euro SRI,ODDO BHF GLOBAL TARGET IG 2029 DNw-EUR,FR001400HHS1,8,"Germany, Austria, Belgium, Spain, Italy, Luxembourg, Portugal, Switzerland"
ODDO BHF GLOBAL TARGET IG 2029,ODDO BHF METROPOLE Euro SRI,ODDO BHF GLOBAL TARGET IG 2029 DRw-EUR,FR001400HHU7,8,"Germany, Austria, Belgium, Spain, Italy, Luxembourg, Portugal, Switzerland"
SICAV ODDO BHF,ODDO BHF Sustainable Euro Corporate Bond,CI-EUR,LU0145975065,11,"Germany, Austria, France, Italy, Luxembourg, Portugal, United Kingdom, Sweden, Switzerland, Finland, Norway (fund)"
SICAV ODDO BHF,ODDO BHF Sustainable Euro Corporate Bond,DI-EUR,LU0145975149,11,"Germany, Austria, France, Italy, Luxembourg, Portugal, United Kingdom, Sweden, Switzerland, Finland, Norway (fund)"
SICAV ODDO BHF,ODDO BHF Sustainable Euro Corporate Bond,CR-EUR,LU0145975222,11,"Germany, Austria, France, Italy, Luxembourg, Portugal, United Kingdom, Sweden, Switzerland, Finland, Norway (fund)"
SICAV ODDO BHF,ODDO BHF Sustainable Euro Corporate Bond,DP-EUR,LU0456625358,11,"Germany, Austria, France, Italy, Luxembourg, Portugal, United Kingdom, Sweden, Switzerland, Finland, Norway (fund)"
SICAV ODDO BHF,ODDO BHF Sustainable Euro Corporate Bond,CN-EUR,LU1752464104,11,"Germany, Austria, France, Italy, Luxembourg, Portugal, United Kingdom, Sweden, Switzerland, Finland, Norway (fund)"
SICAV ODDO BHF,ODDO BHF Sustainable Euro Corporate Bond,DR-EUR,LU1815136756,11,"Germany, Austria, France, Italy, Luxembourg, Portugal, United Kingdom, Sweden, Switzerland, Finland, Norway (fund)"
SICAV ODDO BHF,ODDO BHF Sustainable Euro Corporate Bond,oCN-EUR,LU2291339005,11,"Germany, Austria, France, Italy, Luxembourg, Portugal, United Kingdom, Sweden, Switzerland, Finland, Norway (fund)"
SICAV ODDO BHF,ODDO BHF Sustainable Euro Corporate Bond,X-EUR,LU2469852946,11,"Germany, Austria, France, Italy, Luxembourg, Portugal, United Kingdom, Sweden, Switzerland, Finland, Norway (fund)"
SICAV ODDO BHF,ODDO BHF Euro Credit Short Duration,CI-EUR,LU0628638032,14,"Germany, Austria, Belgium, Spain, France, Italy, Luxembourg, Portugal, United Kingdom, Singapore, Sweden, Switzerland, Finland, Norway (fund)"
SICAV ODDO BHF,ODDO BHF Euro Credit Short Duration,DR-EUR,LU0628638974,14,"Germany, Austria, Belgium, Spain, France, Italy, Luxembourg, Portugal, United Kingdom, Singapore, Sweden, Switzerland, Finland, Norway (fund)"
SICAV ODDO BHF,ODDO BHF Euro Credit Short Duration,CP-EUR,LU0628638206,14,"Germany, Austria, Belgium, Spain, France, Italy, Luxembourg, Portugal, United Kingdom, Singapore, Sweden, Switzerland, Finland, Norway (fund)"
SICAV ODDO BHF,ODDO BHF Euro Credit Short Duration,DP-EUR,LU0628638388,14,"Germany, Austria, Belgium, Spain, France, Italy, Luxembourg, Portugal, United Kingdom, Singapore, Sweden, Switzerland, Finland, Norway (fund)"
SICAV ODDO BHF,ODDO BHF Euro Credit Short Duration,CR-EUR,LU1486845537,14,"Germany, Austria, Belgium, Spain, France, Italy, Luxembourg, Portugal, United Kingdom, Singapore, Sweden, Switzerland, Finland, Norway (fund)"
SICAV ODDO BHF,ODDO BHF Euro Credit Short Duration,CN-EUR,LU1486845883,14,"Germany, Austria, Belgium, Spain, France, Italy, Luxembourg, Portugal, United Kingdom, Singapore, Sweden, Switzerland, Finland, Norway (fund)"
SICAV ODDO BHF,ODDO BHF Euro Credit Short Duration,CN-CHF [H],LU1486845966,14,"Germany, Austria, Belgium, Spain, France, Italy, Luxembourg, Portugal, United Kingdom, Singapore, Sweden, Switzerland, Finland, Norway (fund)"
SICAV ODDO BHF,ODDO BHF Euro Credit Short Duration,DI-EUR,LU1486846261,14,"Germany, Austria, Belgium, Spain, France, Italy, Luxembourg, Portugal, United Kingdom, Singapore, Sweden, Switzerland, Finland, Norway (fund)"
SICAV ODDO BHF,ODDO BHF Euro Credit Short Duration,CP-CHF [H],LU1486846428,14,"Germany, Austria, Belgium, Spain, France, Italy, Luxembourg, Portugal, United Kingdom, Singapore, Sweden, Switzerland, Finland, Norway (fund)"
SICAV ODDO BHF,ODDO BHF Euro Credit Short Duration,CP-USD [H],LU1486846774,14,"Germany, Austria, Belgium, Spain, France, Italy, Luxembourg, Portugal, United Kingdom, Singapore, Sweden, Switzerland, Finland, Norway (fund)"
SICAV ODDO BHF,ODDO BHF Euro Credit Short Duration,CN-USD [H],LU1752465093,14,"Germany, Austria, Belgium, Spain, France, Italy, Luxembourg, Portugal, United Kingdom, Singapore, Sweden, Switzerland, Finland, Norway (fund)"
SICAV ODDO BHF,ODDO BHF Euro Credit Short Duration,GC-EUR,LU1752464799,14,"Germany, Austria, Belgium, Spain, France, Italy, Luxembourg, Portugal, United Kingdom, Singapore, Sweden, Switzerland, Finland, Norway (fund)"
SICAV ODDO BHF,ODDO BHF Euro High Yield Bond,CI-EUR,LU0115288721,15,"Germany, Austria, Belgium, Spain, France, Italy, Luxembourg, The Netherlands, Portugal, United Kingdom, Singapore, Sweden, Switzerland, Finland, Norway (fund)"
SICAV ODDO BHF,ODDO BHF Euro High Yield Bond,DI-EUR,LU0115293481,15,"Germany, Austria, Belgium, Spain, France, Italy, Luxembourg, The Netherlands, Portugal, United Kingdom, Singapore, Sweden, Switzerland, Finland, Norway (fund)"
SICAV ODDO BHF,ODDO BHF Euro High Yield Bond,CR-EUR,LU0115290974,15,"Germany, Austria, Belgium, Spain, France, Italy, Luxembourg, The Netherlands, Portugal, United Kingdom, Singapore, Sweden, Switzerland, Finland, Norway (fund)"
SICAV ODDO BHF,ODDO BHF Euro High Yield Bond,DR-EUR,LU0243919577,15,"Germany, Austria, Belgium, Spain, France, Italy, Luxembourg, The Netherlands, Portugal, United Kingdom, Singapore, Sweden, Switzerland, Finland, Norway (fund)"
SICAV ODDO BHF,ODDO BHF Euro High Yield Bond,CP-EUR,LU0456627131,15,"Germany, Austria, Belgium, Spain, France, Italy, Luxembourg, The Netherlands, Portugal, United Kingdom, Singapore, Sweden, Switzerland, Finland, Norway (fund)"
SICAV ODDO BHF,ODDO BHF Euro High Yield Bond,DP-EUR,LU0456627214,15,"Germany, Austria, Belgium, Spain, France, Italy, Luxembourg, The Netherlands, Portugal, United Kingdom, Singapore, Sweden, Switzerland, Finland, Norway (fund)"
SICAV ODDO BHF,ODDO BHF Euro High Yield Bond,CN-EUR,LU1486847152,15,"Germany, Austria, Belgium, Spain, France, Italy, Luxembourg, The Netherlands, Portugal, United Kingdom, Singapore, Sweden, Switzerland, Finland, Norway (fund)"
SICAV ODDO BHF,ODDO BHF Euro High Yield Bond,CN-CHF [H],LU1486847236,15,"Germany, Austria, Belgium, Spain, France, Italy, Luxembourg, The Netherlands, Portugal, United Kingdom, Singapore, Sweden, Switzerland, Finland, Norway (fund)"
SICAV ODDO BHF,ODDO BHF Euro High Yield Bond,GC-EUR,LU1551630038,15,"Germany, Austria, Belgium, Spain, France, Italy, Luxembourg, The Netherlands, Portugal, United Kingdom, Singapore, Sweden, Switzerland, Finland, Norway (fund)"
SICAV ODDO BHF,ODDO BHF Euro High Yield Bond,CI CHF H,LU2956815513,14,"Germany, Austria, Belgium, Spain, France, Italy, Luxembourg, The Netherlands, Portugal, Singapore, Sweden, Switzerland, Finland, Norway (fund)"
SICAV ODDO BHF,ODDO BHF Euro High Yield Bond,CI USD H,LU2956815430,14,"Germany, Austria, Belgium, Spain, France, Italy, Luxembourg, The Netherlands, Portugal, Singapore, Sweden, Switzerland, Finland, Norway (fund)"
SICAV ODDO BHF,ODDO BHF Convertibles Global,CI-EUR,LU1493432618,7,"Germany, Belgium, Spain, France, Italy, Luxembourg, Switzerland"
SICAV ODDO BHF,ODDO BHF Convertibles Global,CR-EUR,LU1493433004,7,"Germany, Belgium, Spain, France, Italy, Luxembourg, Switzerland"
SICAV ODDO BHF,ODDO BHF Convertibles Global,GC-EUR,LU1493433426,7,"Germany, Belgium, Spain, France, Italy, Luxembourg, Switzerland"
SICAV ODDO BHF,ODDO BHF Convertibles Global,CN-EUR,LU1752466141,7,"Germany, Belgium, Spain, France, Italy, Luxembourg, Switzerland"
SICAV ODDO BHF,ODDO BHF Algo Trend US,CN-EUR,LU1833929216,6,"Germany, Belgium, Spain, France, Luxembourg, Switzerland"
SICAV ODDO BHF,ODDO BHF Algo Trend US,CI-EUR,LU1833929307,6,"Germany, Belgium, Spain, France, Luxembourg, Switzerland"
SICAV ODDO BHF,ODDO BHF Algo Trend US,CR-EUR,LU1833929729,6,"Germany, Belgium, Spain, France, Luxembourg, Switzerland"
SICAV ODDO BHF,ODDO BHF Algo Trend US,CIw-EUR,LU1833929992,6,"Germany, Belgium, Spain, France, Luxembourg, Switzerland"
SICAV ODDO BHF,ODDO BHF Credit Opportunities,CR-EUR,LU1752460292,12,"Germany, Austria, Belgium, Spain, France, Italy, Luxembourg, The Netherlands, Portugal, Sweden, Switzerland, Finland"
SICAV ODDO BHF,ODDO BHF Credit Opportunities,GC-EUR,LU1752461696,11,"Germany, Austria, Spain, France, Italy, Luxembourg, The Netherlands, Portugal, Sweden, Switzerland, Finland"
SICAV ODDO BHF,ODDO BHF Credit Opportunities,CI-EUR,LU1752459799,11,"Germany, Austria, Spain, France, Italy, Luxembourg, The Netherlands, Portugal, Sweden, Switzerland, Finland"
SICAV ODDO BHF,ODDO BHF Credit Opportunities,DR-EUR,LU1785344083,11,"Germany, Austria, Spain, France, Italy, Luxembourg, The Netherlands, Portugal, Sweden, Switzerland, Finland"
SICAV ODDO BHF,ODDO BHF Credit Opportunities,Xw-EUR,LU1752462587,11,"Germany, Austria, Spain, France, Italy, Luxembourg, The Netherlands, Portugal, Sweden, Switzerland, Finland"
SICAV ODDO BHF,ODDO BHF Credit Opportunities,DI-EUR,LU1785344166,11,"Germany, Austria, Spain, France, Italy, Luxembourg, The Netherlands, Portugal, Sweden, Switzerland, Finland"
SICAV ODDO BHF,ODDO BHF Credit Opportunities,CN-EUR,LU1752460706,12,"Germany, Austria, Belgium, Spain, France, Italy, Luxembourg, The Netherlands, Portugal, Sweden, Switzerland, Finland"
SICAV ODDO BHF,ODDO BHF Credit Opportunities,CP-EUR,LU1752461183,11,"Germany, Austria, Spain, France, Italy, Luxembourg, The Netherlands, Portugal, Sweden, Switzerland, Finland"
SICAV ODDO BHF,ODDO BHF Credit Opportunities,CI-CHF [H],LU2270288314,11,"Germany, Austria, Spain, France, Italy, Luxembourg, The Netherlands, Portugal, Sweden, Switzerland, Finland"
SICAV ODDO BHF,ODDO BHF Global Credit Short Duration,CF-EUR,LU1833930222,6,"Germany, Austria, France, Italy, Luxembourg, Switzerland"
SICAV ODDO BHF,ODDO BHF Global Credit Short Duration,CR-EUR,LU1833930495,6,"Germany, Austria, France, Italy, Luxembourg, Switzerland"
SICAV ODDO BHF,ODDO BHF Global Credit Short Duration,CI-EUR,LU1833930578,6,"Germany, Austria, France, Italy, Luxembourg, Switzerland"
SICAV ODDO BHF,ODDO BHF Global Credit Short Duration,CN-EUR,LU1833930651,6,"Germany, Austria, France, Italy, Luxembourg, Switzerland"
SICAV ODDO BHF,ODDO BHF Global Credit Short Duration,DPw-EUR,LU1833931113,6,"Germany, Austria, France, Italy, Luxembourg, Switzerland"
SICAV ODDO BHF,ODDO BHF Artificial Intelligence,CN-EUR [H],LU1833932863,13,"Germany, Austria, Belgium, Spain, France, Italy, Luxembourg, Portugal, Singapore, Sweden, Switzerland, Finland, Norway (fund)"
SICAV ODDO BHF,ODDO BHF Artificial Intelligence,CIw-EUR [H],LU1833932947,13,"Germany, Austria, Belgium, Spain, France, Italy, Luxembourg, Portugal, Singapore, Sweden, Switzerland, Finland, Norway (fund)"
SICAV ODDO BHF,ODDO BHF Artificial Intelligence,CI-USD,LU1833932517,13,"Germany, Austria, Belgium, Spain, France, Italy, Luxembourg, Portugal, Singapore, Sweden, Switzerland, Finland, Norway (fund)"
SICAV ODDO BHF,ODDO BHF Artificial Intelligence,CR-USD,LU1833932780,13,"Germany, Austria, Belgium, Spain, France, Italy, Luxembourg, Portugal, Singapore, Sweden, Switzerland, Finland, Norway (fund)"
SICAV ODDO BHF,ODDO BHF Artificial Intelligence,CI-EUR,LU1833932434,13,"Germany, Austria, Belgium, Spain, France, Italy, Luxembourg, Portugal, Singapore, Sweden, Switzerland, Finland, Norway (fund)"
SICAV ODDO BHF,ODDO BHF Artificial Intelligence,CIw-USD,LU1833933325,13,"Germany, Austria, Belgium, Spain, France, Italy, Luxembourg, Portugal, Singapore, Sweden, Switzerland, Finland, Norway (fund)"
SICAV ODDO BHF,ODDO BHF Artificial Intelligence,CR-EUR,LU1919842267,13,"Germany, Austria, Belgium, Spain, France, Italy, Luxembourg, Portugal, Singapore, Sweden, Switzerland, Finland, Norway (fund)"
SICAV ODDO BHF,ODDO BHF Artificial Intelligence,CN-EUR,LU1919842424,13,"Germany, Austria, Belgium, Spain, France, Italy, Luxembourg, Portugal, Singapore, Sweden, Switzerland, Finland, Norway (fund)"
SICAV ODDO BHF,ODDO BHF Artificial Intelligence,CN-USD,LU1919842697,13,"Germany, Austria, Belgium, Spain, France, Italy, Luxembourg, Portugal, Singapore, Sweden, Switzerland, Finland, Norway (fund)"
SICAV ODDO BHF,ODDO BHF Artificial Intelligence,CNw-USD,LU1919842937,13,"Germany, Austria, Belgium, Spain, France, Italy, Luxembourg, Portugal, Singapore, Sweden, Switzerland, Finland, Norway (fund)"
SICAV ODDO BHF,ODDO BHF Artificial Intelligence,DP-EUR,LU2209778385,13,"Germany, Austria, Belgium, Spain, France, Italy, Luxembourg, Portugal, Singapore, Sweden, Switzerland, Finland, Norway (fund)"
SICAV ODDO BHF,ODDO BHF Artificial Intelligence,CP-EUR,LU2879820624,13,"Germany, Austria, Belgium, Spain, France, Italy, Luxembourg, Portugal, Singapore, Sweden, Switzerland, Finland, Norway (fund)"
SICAV ODDO BHF,ODDO BHF Artificial Intelligence,CNI-EUR,LU2879816358,13,"Germany, Austria, Belgium, Spain, France, Italy, Luxembourg, Portugal, Singapore, Sweden, Switzerland, Finland, Norway (fund)"
SICAV ODDO BHF,ODDO BHF Artificial Intelligence,Xw EUR H,LU3130010674,2,"Belgium, Singapore"
SICAV ODDO BHF,ODDO BHF Artificial Intelligence,CRw-EUR,LU2966271517,12,"Germany, Austria, Belgium, Spain, France, Italy, Luxembourg, Portugal, Singapore, Sweden, Finland, Norway (fund)"
SICAV ODDO BHF,ODDO BHF Global Target 2031,CI-USD[H],LU3146732048,7,"Germany, Austria, Belgium, Spain, France, Italy, Luxembourg"
SICAV ODDO BHF,ODDO BHF Global Target 2031,CR-USD[H],LU3146732121,7,"Germany, Austria, Belgium, Spain, France, Italy, Luxembourg"
SICAV ODDO BHF,ODDO BHF Global Target 2031,CI-CHF[H],LU3146732394,7,"Germany, Austria, Belgium, Spain, France, Italy, Luxembourg"
SICAV ODDO BHF,ODDO BHF Global Target 2031,CN-CHF[H],LU3146732477,7,"Germany, Austria, Belgium, Spain, France, Italy, Luxembourg"
SICAV ODDO BHF,ODDO BHF Global Target 2031,CR-CHF[H],LU3146732550,7,"Germany, Austria, Belgium, Spain, France, Italy, Luxembourg"
SICAV ODDO BHF,ODDO BHF Global Target 2031,CF EUR,LU3129989631,7,"Germany, Austria, Belgium, Spain, France, Italy, Luxembourg"
SICAV ODDO BHF,ODDO BHF Global Target 2031,DRw EUR,LU3129989714,7,"Germany, Austria, Belgium, Spain, France, Italy, Luxembourg"
SICAV ODDO BHF,ODDO BHF Global Target 2031,DNw EUR,LU3129989805,7,"Germany, Austria, Belgium, Spain, France, Italy, Luxembourg"
SICAV ODDO BHF,ODDO BHF Global Target 2031,DIw EUR,LU3129989987,7,"Germany, Austria, Belgium, Spain, France, Italy, Luxembourg"
SICAV ODDO BHF,ODDO BHF Global Target 2031,CI EUR,LU3129990050,7,"Germany, Austria, Belgium, Spain, France, Italy, Luxembourg"
SICAV ODDO BHF,ODDO BHF Global Target 2031,CR EUR,LU3129990134,7,"Germany, Austria, Belgium, Spain, France, Italy, Luxembourg"
SICAV ODDO BHF,ODDO BHF Global Target 2031,CN EUR,LU3129990308,7,"Germany, Austria, Belgium, Spain, France, Italy, Luxembourg"
SICAV ODDO BHF,ODDO BHF Global Navigator,CIW-EUR,LU3103551514,4,"Germany, Belgium, France, Luxembourg"
SICAV ODDO BHF,ODDO BHF Global Navigator,DIW-EUR,LU3103551605,4,"Germany, Belgium, France, Luxembourg"
SICAV ODDO BHF,ODDO BHF Global Navigator,CNW-EUR,LU3103551787,4,"Germany, Belgium, France, Luxembourg"
SICAV ODDO BHF,ODDO BHF Global Navigator,CRW-EUR,LU3103551860,4,"Germany, Belgium, France, Luxembourg"
SICAV ODDO BHF,ODDO BHF Global Navigator,DNW-EUR,LU3103551944,4,"Germany, Belgium, France, Luxembourg"
SICAV ODDO BHF,ODDO BHF Global Navigator,DRW-EUR,LU3103552082,4,"Germany, Belgium, France, Luxembourg"
SICAV ODDO BHF,ODDO BHF Green Planet,CIw-EUR [H],LU2189929602,14,"Germany, Austria, Belgium, Spain, France, Italy, Luxembourg, The Netherlands, Portugal, Singapore, Sweden, Switzerland, Finland, Norway (fund)"
SICAV ODDO BHF,ODDO BHF Green Planet,CI-EUR,LU2189930287,14,"Germany, Austria, Belgium, Spain, France, Italy, Luxembourg, The Netherlands, Portugal, Singapore, Sweden, Switzerland, Finland, Norway (fund)"
SICAV ODDO BHF,ODDO BHF Green Planet,CR-EUR,LU2189930105,14,"Germany, Austria, Belgium, Spain, France, Italy, Luxembourg, The Netherlands, Portugal, Singapore, Sweden, Switzerland, Finland, Norway (fund)"
SICAV ODDO BHF,ODDO BHF Green Planet,CN-EUR,LU2189930360,14,"Germany, Austria, Belgium, Spain, France, Italy, Luxembourg, The Netherlands, Portugal, Singapore, Sweden, Switzerland, Finland, Norway (fund)"
SICAV ODDO BHF,ODDO BHF Green Planet,CIw-USD,LU2189930527,14,"Germany, Austria, Belgium, Spain, France, Italy, Luxembourg, The Netherlands, Portugal, Singapore, Sweden, Switzerland, Finland, Norway (fund)"
SICAV ODDO BHF,ODDO BHF Global High Yield Bond,DRw-EUR,LU3103550540,3,"Germany, France, Luxembourg"
SICAV ODDO BHF,ODDO BHF Global High Yield Bond,CI-USD [H],LU3103551274,3,"Germany, France, Luxembourg"
SICAV ODDO BHF,ODDO BHF Global High Yield Bond,CN-EUR,LU3103550623,3,"Germany, France, Luxembourg"
SICAV ODDO BHF,ODDO BHF Global High Yield Bond,CPw-EUR,LU3103551431,3,"Germany, France, Luxembourg"
SICAV ODDO BHF,ODDO BHF Global High Yield Bond,CR-EUR,LU3103550201,3,"Germany, France, Luxembourg"
SICAV ODDO BHF,ODDO BHF Global High Yield Bond,CRw-EUR,LU3103550383,3,"Germany, France, Luxembourg"
SICAV ODDO BHF,ODDO BHF Global High Yield Bond,DIw-EUR,LU3103550110,3,"Germany, France, Luxembourg"
SICAV ODDO BHF,ODDO BHF Global High Yield Bond,DNw-EUR,LU3103550896,3,"Germany, France, Luxembourg"
SICAV ODDO BHF,ODDO BHF Global High Yield Bond,DPw-EUR,LU3103550979,3,"Germany, France, Luxembourg"
SICAV ODDO BHF,ODDO BHF Global High Yield Bond,DPw-USD [H],LU3103551357,3,"Germany, France, Luxembourg"
SICAV ODDO BHF,ODDO BHF Global High Yield Bond,CF-EUR,LU3103551191,3,"Germany, France, Luxembourg"
SICAV ODDO BHF,ODDO BHF Global High Yield Bond,CI-EUR,LU3103550037,3,"Germany, France, Luxembourg"
SICAV ODDO BHF II,ODDO BHF Polaris Flexible,ODDO BHF Polaris Flexible DNw-EUR,LU1807158784,8,"Germany, Austria, Spain, France, Italy, Luxembourg, Sweden, Switzerland"
SICAV ODDO BHF II,ODDO BHF Polaris Flexible,ODDO BHF Polaris Flexible CR-EUR,LU1874836890,9,"Germany, Austria, Belgium, Spain, France, Italy, Luxembourg, Sweden, Switzerland"
SICAV ODDO BHF II,ODDO BHF Polaris Flexible,ODDO BHF Polaris Flexible CN-EUR,LU1874837278,9,"Germany, Austria, Belgium, Spain, France, Italy, Luxembourg, Sweden, Switzerland"
SICAV ODDO BHF II,ODDO BHF Polaris Flexible,ODDO BHF Polaris Flexible CI-EUR,LU2192036163,9,"Germany, Austria, Belgium, Spain, France, Italy, Luxembourg, Sweden, Switzerland"
SICAV ODDO BHF II,ODDO BHF Polaris Flexible,ODDO BHF Polaris Flexible CPw-EUR,LU2120130302,9,"Germany, Austria, Belgium, Spain, France, Italy, Luxembourg, Sweden, Switzerland"
SICAV ODDO BHF II,ODDO BHF Polaris Flexible,ODDO BHF Polaris Flexible DRW-EUR,LU0319572730,8,"Germany, Austria, Spain, France, Italy, Luxembourg, Sweden, Switzerland"
SICAV ODDO BHF II,ODDO BHF Polaris Balanced,ODDO BHF Polaris Balanced DRw-EUR,LU0319574272,9,"Germany, Austria, Spain, France, Italy, Luxembourg, Portugal, Sweden, Switzerland"
SICAV ODDO BHF II,ODDO BHF Polaris Balanced,ODDO BHF Polaris Balanced DNw-EUR,LU1781769358,9,"Germany, Austria, Spain, France, Italy, Luxembourg, Portugal, Sweden, Switzerland"
SICAV ODDO BHF II,ODDO BHF Polaris Balanced,ODDO BHF Polaris Balanced CN-EUR,LU1849527855,10,"Germany, Austria, Belgium, Spain, France, Italy, Luxembourg, Portugal, Sweden, Switzerland"
SICAV ODDO BHF II,ODDO BHF Polaris Balanced,ODDO BHF Polaris Balanced CR-EUR,LU1849527939,10,"Germany, Austria, Belgium, Spain, France, Italy, Luxembourg, Portugal, Sweden, Switzerland"
SICAV ODDO BHF II,ODDO BHF Polaris Balanced,ODDO BHF Polaris Balanced CRw-EUR,LU1864504425,9,"Germany, Austria, Spain, France, Italy, Luxembourg, Portugal, Sweden, Switzerland"
SICAV ODDO BHF II,ODDO BHF Polaris Balanced,ODDO BHF Polaris Balanced CIw-EUR,LU2032046984,10,"Germany, Austria, Belgium, Spain, France, Italy, Luxembourg, Portugal, Sweden, Switzerland"
SICAV ODDO BHF II,ODDO BHF Polaris Balanced,ODDO BHF Polaris Balanced CN-CHF [H],LU2192035785,9,"Germany, Austria, Spain, France, Italy, Luxembourg, Portugal, Sweden, Switzerland"
SICAV ODDO BHF II,ODDO BHF Polaris Balanced,ODDO BHF Polaris Balanced CI-EUR,LU2192035868,9,"Germany, Austria, Spain, France, Italy, Luxembourg, Portugal, Sweden, Switzerland"
SICAV ODDO BHF II,ODDO BHF Polaris Balanced,ODDO BHF Polaris Balanced DIW-EUR,LU2192035512,9,"Germany, Austria, Spain, France, Italy, Luxembourg, Portugal, Sweden, Switzerland"
SICAV ODDO BHF II,ODDO BHF Polaris Balanced,ODDO BHF Polaris Balanced GCw-EUR,LU1849528077,9,"Germany, Austria, Spain, France, Italy, Luxembourg, Portugal, Sweden, Switzerland"
SICAV ODDO BHF II,ODDO BHF Polaris Dynamic,ODDO BHF Polaris Dynamic DNw-EUR,LU1781770794,9,"Germany, Austria, Spain, France, Italy, Luxembourg, Portugal, Sweden, Switzerland"
SICAV ODDO BHF II,ODDO BHF Polaris Dynamic,ODDO BHF Polaris Dynamic DRw-EUR,LU0319577374,9,"Germany, Austria, Spain, France, Italy, Luxembourg, Portugal, Sweden, Switzerland"
SICAV ODDO BHF II,ODDO BHF Polaris Dynamic,ODDO BHF Polaris Dynamic CI-EUR,LU2192035942,9,"Germany, Austria, Spain, France, Italy, Luxembourg, Portugal, Sweden, Switzerland"
SICAV ODDO BHF II,ODDO BHF Polaris Dynamic,ODDO BHF Polaris Dynamic CIw-EUR,LU2192036080,9,"Germany, Austria, Spain, France, Italy, Luxembourg, Portugal, Sweden, Switzerland"
SICAV ODDO BHF II,ODDO BHF Polaris Dynamic,ODDO BHF Polaris Dynamic CR-EUR,LU1849528234,10,"Germany, Austria, Belgium, Spain, France, Italy, Luxembourg, Portugal, Sweden, Switzerland"
SICAV ODDO BHF II,ODDO BHF Polaris Dynamic,ODDO BHF Polaris Dynamic DPw-EUR,LU2650997187,9,"Germany, Austria, Spain, France, Italy, Luxembourg, Portugal, Sweden, Switzerland"
SICAV ODDO BHF II,ODDO BHF Polaris Dynamic,ODDO BHF Polaris Dynamic CN-EUR,LU1849528150,10,"Germany, Austria, Belgium, Spain, France, Italy, Luxembourg, Portugal, Sweden, Switzerland"
SICAV ODDO BHF II,ODDO BHF Emerging Markets,ODDO BHF Emerging Markets (CIW-EUR),LU0632979174,4,"Germany, France, Luxembourg, Switzerland"
SICAV ODDO BHF II,ODDO BHF Emerging Markets,ODDO BHF Emerging Markets (CR-EUR),LU2611174017,4,"Germany, France, Luxembourg, Switzerland"
SICAV ODDO BHF II,ODDO BHF Emerging Markets,ODDO BHF Emerging Markets (CI-EUR),LU2611174108,4,"Germany, France, Luxembourg, Switzerland"
SICAV ODDO BHF II,ODDO BHF Emerging Markets,ODDO BHF Emerging Markets (CN-EUR),LU2611173803,4,"Germany, France, Luxembourg, Switzerland"
SICAV ODDO BHF II,ODDO BHF Emerging Markets,ODDO BHF Emerging Markets (CNW-EUR),LU2611173985,4,"Germany, France, Luxembourg, Switzerland"
SICAV ODDO BHF II,ODDO BHF Emerging Markets,ODDO BHF Emerging Markets (CRW-EUR),LU0632979331,4,"Germany, France, Luxembourg, Switzerland"
SICAV ODDO BHF II,ODDO BHF Exklusiv: Global Equity Stars,ODDO BHF Exklusiv: Global Equity Stars (CRW-EUR),LU2329578087,5,"Germany, Austria, France, Luxembourg, Switzerland"
SICAV ODDO BHF II,ODDO BHF Exklusiv: Global Equity Stars,ODDO BHF Exklusiv: Global Equity Stars (DRW-EUR),LU2329578160,5,"Germany, Austria, France, Luxembourg, Switzerland"
SICAV ODDO BHF II,ODDO BHF Exklusiv: Global Equity Stars,ODDO BHF Exklusiv: Global Equity Stars (CIW-EUR),LU2329578244,5,"Germany, Austria, France, Luxembourg, Switzerland"
SICAV ODDO BHF II,ODDO BHF Exklusiv: Global Equity Stars,ODDO BHF Exklusiv: Global Equity Stars (CNW-EUR),LU2329578327,5,"Germany, Austria, France, Luxembourg, Switzerland"
SICAV ODDO BHF II,ODDO BHF Exklusiv: Global Equity Stars,ODDO BHF Exklusiv: Global Equity Stars (DNW-EUR),LU2329578673,5,"Germany, Austria, France, Luxembourg, Switzerland"
SICAV ODDO BHF II,ODDO BHF Exklusiv: Global Equity Stars,ODDO BHF Exklusiv: Global Equity Stars (DIW-EUR),LU2329578830,5,"Germany, Austria, France, Luxembourg, Switzerland"
SICAV ODDO BHF II,ODDO BHF Exklusiv: Global Equity Stars,ODDO BHF Exklusiv: Global Equity Stars (CI-EUR),LU2329579135,5,"Germany, Austria, France, Luxembourg, Switzerland"
SICAV ODDO BHF II,ODDO BHF Exklusiv: Global Equity Stars,ODDO BHF Exklusiv: Global Equity Stars (DI-EUR),LU2329579564,5,"Germany, Austria, France, Luxembourg, Switzerland"
SICAV ODDO BHF II,ODDO BHF Exklusiv: Global Equity Stars,ODDO BHF Exklusiv: Global Equity Stars (CR-EUR),LU2329578913,5,"Germany, Austria, France, Luxembourg, Switzerland"
SICAV ODDO BHF II,ODDO BHF Exklusiv: Global Equity Stars,ODDO BHF Exklusiv: Global Equity Stars (DR-EUR),LU2329579051,5,"Germany, Austria, France, Luxembourg, Switzerland"
SICAV ODDO BHF II,ODDO BHF Exklusiv: Global Equity Stars,ODDO BHF Exklusiv: Global Equity Stars (CN-EUR),LU2329579218,5,"Germany, Austria, France, Luxembourg, Switzerland"
SICAV ODDO BHF II,ODDO BHF Exklusiv: Global Equity Stars,ODDO BHF Exklusiv: Global Equity Stars (DN-EUR),LU2329579481,5,"Germany, Austria, France, Luxembourg, Switzerland"
SICAV ODDO BHF II,ODDO BHF Exklusiv: Flexibles Individual Portfolio,,LU0325203320,2,"Germany, Luxembourg"
SICAV ODDO BHF II,ODDO BHF Exklusiv: Rendite Portfolio,,LU0319572904,2,"Germany, Luxembourg"
SICAV ODDO BHF II,ODDO BHF Leading Global Trends,ODDO BHF Leading Global Trends (CRW-EUR),LU2345841543,4,"Germany, France, Luxembourg, Switzerland"
SICAV ODDO BHF II,ODDO BHF Leading Global Trends,ODDO BHF Leading Global Trends (CIW-EUR),LU2345841626,4,"Germany, France, Luxembourg, Switzerland"
SICAV ODDO BHF II,ODDO BHF Leading Global Trends,ODDO BHF Leading Global Trends (CNW-EUR),LU2345841899,4,"Germany, France, Luxembourg, Switzerland"
SICAV ODDO BHF II,ODDO BHF Leading Global Trends,ODDO BHF Leading Global Trends (CRW-USD [H],LU2345841972,4,"Germany, France, Luxembourg, Switzerland"
SICAV ODDO BHF II,ODDO BHF Leading Global Trends,ODDO BHF Leading Global Trends (CR-EUR),LU2345842194,4,"Germany, France, Luxembourg, Switzerland"
SICAV ODDO BHF II,ODDO BHF Leading Global Trends,ODDO BHF Leading Global Trends (CI-EUR),LU2345842277,4,"Germany, France, Luxembourg, Switzerland"
SICAV ODDO BHF II,ODDO BHF Leading Global Trends,ODDO BHF Leading Global Trends (CR-USD [H]),LU2345842434,4,"Germany, France, Luxembourg, Switzerland"
SICAV ODDO BHF II,ODDO BHF Leading Global Trends,Grand Cru (EUR),LU0399641637,3,"Germany, Luxembourg, Switzerland"
SICAV ODDO BHF II,ODDO BHF Leading Global Trends,Grand Cru (CHF),LU0580157419,3,"Germany, Luxembourg, Switzerland"
SICAV ODDO BHF II,ODDO BHF Leading Global Trends,HELLAS Opportunities Fund (I),LU0920841169,3,"Germany, Austria, Luxembourg"
SICAV ODDO BHF II,ODDO BHF Leading Global Trends,HELLAS Opportunities Fund (P),LU0920841326,3,"Germany, Austria, Luxembourg"
SICAV ODDO BHF II,ODDO BHF Leading Global Trends,DC Value Global Dynamic,LU0370310038,3,"Germany, Austria, Luxembourg"
SARA FUNDS,ODDO BHF Leading Global Trends,SARA FUNDS - SARA global equities (P),LU0903532330,3,"Germany, Austria, Luxembourg"
SARA FUNDS,ODDO BHF Leading Global Trends,SARA FUNDS - SARA global equities (I),LU2402454693,3,"Germany, Austria, Luxembourg"
SARA FUNDS,ODDO BHF Leading Global Trends,SARA FUNDS - SARA global equities (N),LU2402454776,3,"Germany, Austria, Luxembourg"
SARA FUNDS,ODDO BHF Leading Global Trends,SARA FUNDS - SARA global equities (PK),LU2783788370,3,"Germany, Austria, Luxembourg"
SARA FUNDS,ODDO BHF Leading Global Trends,SARA FUNDS - SARA global equities (SI),LU2783788453,3,"Germany, Austria, Luxembourg"
SARA FUNDS,ODDO BHF Leading Global Trends,SMS Ars Selecta,LU0118271369,2,"Germany, Luxembourg"
GERMAN FUND,ODDO BHF Leading Global Trends,DC Value Global Balanced (IT),DE000A0YAX64,3,"Germany, Austria, Spain"
GERMAN FUND,ODDO BHF Leading Global Trends,DC Value Global Balanced (PT),DE000A0YAX72,3,"Germany, Austria, Spain"
GERMAN FUND,ODDO BHF Leading Global Trends,DC Value Global Balanced (CT),DE000A3E2ZB8,3,"Germany, Austria, Spain"
GERMAN FUND,ODDO BHF Leading Global Trends,DC Value Global Balanced (PA),DE000A3E2ZC6,3,"Germany, Austria, Spain"
GERMAN FUND,ODDO BHF Leading Global Trends,DC Value Global Balanced (SIA),DE000A3E2ZF9,3,"Germany, Austria, Spain"
GERMAN FUND,ODDO BHF Leading Global Trends,DC Value Global Balanced (SI),DE000A3C7Z45,3,"Germany, Austria, Spain"
GERMAN FUND,ODDO BHF Leading Global Trends,DC Value Global Equity (IT),DE000A3CNEH8,2,"Germany, Austria"
GERMAN FUND,ODDO BHF Leading Global Trends,DC Value Global Equity (PT),DE000A2DJU61,2,"Germany, Austria"
GERMAN FUND,ODDO BHF Polaris Moderate,ODDO BHF Polaris Moderate DRW-EUR,DE000A0D95Q0,9,"Germany, Austria, Spain, France, Italy, Luxembourg, Portugal, Sweden, Switzerland"
GERMAN FUND,ODDO BHF Polaris Moderate,ODDO BHF Polaris Moderate CNW-EUR,DE000A1XDYL9,9,"Germany, Austria, Spain, France, Italy, Luxembourg, Portugal, Sweden, Switzerland"
GERMAN FUND,ODDO BHF Polaris Moderate,ODDO BHF Polaris Moderate CI-EUR,DE000A2JJ1S3,10,"Germany, Austria, Belgium, Spain, France, Italy, Luxembourg, Portugal, Sweden, Switzerland"
GERMAN FUND,ODDO BHF Polaris Moderate,ODDO BHF Polaris Moderate GC-EUR,DE000A2JJ1T1,9,"Germany, Austria, Spain, France, Italy, Luxembourg, Portugal, Sweden, Switzerland"
GERMAN FUND,ODDO BHF Polaris Moderate,ODDO BHF Polaris Moderate CN-EUR,DE000A2JJ1V7,10,"Germany, Austria, Belgium, Spain, France, Italy, Luxembourg, Portugal, Sweden, Switzerland"
GERMAN FUND,ODDO BHF Polaris Moderate,ODDO BHF Polaris Moderate CR-EUR,DE000A2JJ1W5,10,"Germany, Austria, Belgium, Spain, France, Italy, Luxembourg, Portugal, Sweden, Switzerland"
GERMAN FUND,ODDO BHF Polaris Moderate,ODDO BHF Polaris Moderate DI-EUR,DE000A2P5QA0,9,"Germany, Austria, Spain, France, Italy, Luxembourg, Portugal, Sweden, Switzerland"
GERMAN FUND,ODDO BHF Polaris Moderate,ODDO BHF Polaris Moderate DIW-EUR,DE000A2P5QB8,9,"Germany, Austria, Spain, France, Italy, Luxembourg, Portugal, Sweden, Switzerland"
GERMAN FUND,ODDO BHF Polaris Moderate,ODDO BHF Polaris Moderate CIW-EUR,DE000A2P5QC6,9,"Germany, Austria, Spain, France, Italy, Luxembourg, Portugal, Sweden, Switzerland"
GERMAN FUND,ODDO BHF Polaris Moderate,ODDO BHF Polaris Moderate CN-CHF,DE000A2P5QD4,9,"Germany, Austria, Spain, France, Italy, Luxembourg, Portugal, Sweden, Switzerland"
GERMAN FUND,ODDO BHF Money Market,ODDO BHF Money Market G-EUR,DE000A1CUGJ8,7,"Germany, Austria, Spain, France, Italy, Luxembourg, Switzerland"
GERMAN FUND,ODDO BHF Money Market,ODDO BHF Money Market DI-EUR,DE000A3C7Z52,7,"Germany, Austria, Spain, France, Italy, Luxembourg, Switzerland"
GERMAN FUND,ODDO BHF Money Market,ODDO BHF Money Market CI-EUR,DE000A0YCBR6,7,"Germany, Austria, Spain, France, Italy, Luxembourg, Switzerland"
GERMAN FUND,ODDO BHF Money Market,ODDO BHF Money Market DR-EUR,DE000A0YCBQ8,7,"Germany, Austria, Spain, France, Italy, Luxembourg, Switzerland"
GERMAN FUND,ODDO BHF Money Market,ODDO BHF Money Market CR-EUR,DE0009770206,7,"Germany, Austria, Spain, France, Italy, Luxembourg, Switzerland"
GERMAN FUND,ODDO BHF Money Market,ODDO BHF Money Market CN-EUR,DE000A2QBG39,7,"Germany, Austria, Spain, France, Italy, Luxembourg, Switzerland"
GERMAN FUND,ODDO BHF German Equities,ODDO BHF German Equities DR-EUR,DE0008478058,4,"Germany, Austria, Spain, France"
GERMAN FUND,ODDO BHF German Equities,ODDO BHF German Equities CRw-EUR,DE000A40NT12,4,"Germany, Austria, Spain, France"
GERMAN FUND,ODDO BHF German Equities,ODDO BHF German Equities CNw-EUR,DE000A3E2ZK9,4,"Germany, Austria, Spain, France"
GERMAN FUND,ODDO BHF Green Bond,ODDO BHF Green Bond CR-EUR,DE0008478082,5,"Germany, Austria, France, The Netherlands, Switzerland"
GERMAN FUND,ODDO BHF Green Bond,ODDO BHF Green Bond CN-EUR,DE000A141WX8,5,"Germany, Austria, France, The Netherlands, Switzerland"
GERMAN FUND,ODDO BHF Green Bond,ODDO BHF Green Bond DP-EUR,DE000A2JQGY8,5,"Germany, Austria, France, The Netherlands, Switzerland"
GERMAN FUND,ODDO BHF Green Bond,ODDO BHF Algo Global CRW-EUR,DE0009772988,3,"Germany, France, Switzerland"
GERMAN FUND,ODDO BHF Green Bond,ODDO BHF Algo Global DRW-EUR,DE000A141W00,3,"Germany, France, Switzerland"
GERMAN FUND,ODDO BHF Green Bond,ODDO BHF Algo Global CIW-EUR,DE000A1XDYM7,3,"Germany, France, Switzerland"
GERMAN FUND,ODDO BHF Green Bond,ODDO BHF Algo Sustainable Leaders CRW-EUR,DE0007045437,5,"Germany, Austria, France, Sweden, Switzerland"
GERMAN FUND,ODDO BHF Green Bond,ODDO BHF Algo Sustainable Leaders DIW-EUR,DE000A0RG5Y7,5,"Germany, Austria, France, Sweden, Switzerland"
GERMAN FUND,ODDO BHF Green Bond,ODDO BHF Algo Sustainable Leaders CPW-EUR,DE000A2P5QF9,5,"Germany, Austria, France, Sweden, Switzerland"
GERMAN FUND,ODDO BHF Green Bond,ODDO BHF Algo Sustainable Leaders CNW-EUR,DE000A2P5QE2,5,"Germany, Austria, France, Sweden, Switzerland"
GERMAN FUND,ODDO BHF Green Bond,ODDO BHF Algo Sustainable Leaders CIW-EUR,DE000A2QBG05,5,"Germany, Austria, France, Sweden, Switzerland"
GERMAN FUND,ODDO BHF Green Bond,ODDO BHF Algo Sustainable Leaders DRW-EUR,DE000A2P5QK9,5,"Germany, Austria, France, Sweden, Switzerland"
Orsay Alternative Funds Plc,ODDO BHF Green Bond,EUR Class 1 Shares euro,IE00B3WP1990,16,"Germany, Austria, Belgium, Spain, France, Italy, Luxembourg, The Netherlands, Portugal, United Kingdom, Sweden, Finland, Denmark, Norway (fund), Ireland (fund), United Arb Emirates (fund)"
Orsay Alternative Funds Plc,ODDO BHF Green Bond,EUR Class 2 Shares euro,IE00B66P2P98,16,"Germany, Austria, Belgium, Spain, France, Italy, Luxembourg, The Netherlands, Portugal, United Kingdom, Sweden, Finland, Denmark, Norway (fund), Ireland (fund), United Arb Emirates (fund)"
Orsay Alternative Funds Plc,ODDO BHF Green Bond,EUR Class 3 Shares euro,IE00B3PJ7B28,16,"Germany, Austria, Belgium, Spain, France, Italy, Luxembourg, The Netherlands, Portugal, United Kingdom, Sweden, Finland, Denmark, Norway (fund), Ireland (fund), United Arb Emirates (fund)"
Orsay Alternative Funds Plc,ODDO BHF Green Bond,USD Class 1 Shares USD,IE00B62WW873,16,"Germany, Austria, Belgium, Spain, France, Italy, Luxembourg, The Netherlands, Portugal, United Kingdom, Sweden, Finland, Denmark, Norway (fund), Ireland (fund), United Arb Emirates (fund)"
Orsay Alternative Funds Plc,ODDO BHF Green Bond,USD Class 3 Shares USD,IE00B67BBK43,16,"Germany, Austria, Belgium, Spain, France, Italy, Luxembourg, The Netherlands, Portugal, United Kingdom, Sweden, Finland, Denmark, Norway (fund), Ireland (fund), United Arb Emirates (fund)"
Orsay Alternative Funds Plc,ODDO BHF Green Bond,USD Class 4 Shares USD,IE00BYNBY726,16,"Germany, Austria, Belgium, Spain, France, Italy, Luxembourg, The Netherlands, Portugal, United Kingdom, Sweden, Finland, Denmark, Norway (fund), Ireland (fund), United Arb Emirates (fund)"
Orsay Alternative Funds Plc,ODDO BHF Green Bond,Founder Class Shares euro,IE00B4L7Z358,16,"Germany, Austria, Belgium, Spain, France, Italy, Luxembourg, The Netherlands, Portugal, United Kingdom, Sweden, Finland, Denmark, Norway (fund), Ireland (fund), United Arb Emirates (fund)"
FRENCH FUNDS,ODDO BHF Secondaries Fund,A1 Shares,FR0013333630,13,"Germany, Austria, Belgium, Spain, France, Italy, Luxembourg, The Netherlands, United Kingdom, Sweden, Switzerland, Finland, Denmark"
FRENCH FUNDS,ODDO BHF Secondaries Fund,A2 Shares,FR0013333648,13,"Germany, Austria, Belgium, Spain, France, Italy, Luxembourg, The Netherlands, United Kingdom, Sweden, Switzerland, Finland, Denmark"
FRENCH FUNDS,ODDO BHF Secondaries Fund,A3 Shares,FR0013333663,13,"Germany, Austria, Belgium, Spain, France, Italy, Luxembourg, The Netherlands, United Kingdom, Sweden, Switzerland, Finland, Denmark"
FRENCH FUNDS,ODDO BHF Secondaries Fund,E Shares,FR0013461845,13,"Germany, Austria, Belgium, Spain, France, Italy, Luxembourg, The Netherlands, United Kingdom, Sweden, Switzerland, Finland, Denmark"
FRENCH FUNDS,ODDO BHF Secondaries Fund,C Shares,FR0013333705,13,"Germany, Austria, Belgium, Spain, France, Italy, Luxembourg, The Netherlands, United Kingdom, Sweden, Switzerland, Finland, Denmark"
FRENCH FUNDS,FCPR ODDO BHF Secondaries Opportunities,A Shares,FR0013350022,1,France
FRENCH FUNDS,FCPR ODDO BHF Secondaries Opportunities,F Shares,FR0013372075,1,France
FRENCH FUNDS,FCPR ODDO BHF Secondaries Opportunities,C Shares,FR0013350030,1,France
FRENCH FUNDS,FCPR ODDO BHF Debt & Equity Opportunities,A Shares,FR0013513892,1,France
FRENCH FUNDS,FCPR ODDO BHF Debt & Equity Opportunities,F Shares,FR0013513884,1,France
FRENCH FUNDS,FCPR ODDO BHF Debt & Equity Opportunities,G Shares,FR0014001HI0,1,France
FRENCH FUNDS,FCPR ODDO BHF Debt & Equity Opportunities,O Shares,FR0014003TN1,1,France
FRENCH FUNDS,FCPR ODDO BHF Debt & Equity Opportunities,C Shares,FR0013513876,1,France
FRENCH FUNDS,ODDO BHF Technology Oportunities Fund S.L.P.,A1 Shares,FR001400BUK4,15,"Germany, Austria, Belgium, Spain, France, Italy, Luxembourg, The Netherlands, United Kingdom, Sweden, Switzerland, Finland, Denmark, Norway (fund), Island (fund)"
FRENCH FUNDS,ODDO BHF Technology Oportunities Fund S.L.P.,A2 Shares,FR001400BUL2,15,"Germany, Austria, Belgium, Spain, France, Italy, Luxembourg, The Netherlands, United Kingdom, Sweden, Switzerland, Finland, Denmark, Norway (fund), Island (fund)"
FRENCH FUNDS,ODDO BHF Technology Oportunities Fund S.L.P.,A3 Shares,FR001400BUM0,15,"Germany, Austria, Belgium, Spain, France, Italy, Luxembourg, The Netherlands, United Kingdom, Sweden, Switzerland, Finland, Denmark, Norway (fund), Island (fund)"
FRENCH FUNDS,ODDO BHF Technology Oportunities Fund S.L.P.,A4 Shares,FR001400BUN8,15,"Germany, Austria, Belgium, Spain, France, Italy, Luxembourg, The Netherlands, United Kingdom, Sweden, Switzerland, Finland, Denmark, Norway (fund), Island (fund)"
FRENCH FUNDS,ODDO BHF Technology Oportunities Fund S.L.P.,B1 Shares,FR001400BYJ8,15,"Germany, Austria, Belgium, Spain, France, Italy, Luxembourg, The Netherlands, United Kingdom, Sweden, Switzerland, Finland, Denmark, Norway (fund), Island (fund)"
FRENCH FUNDS,ODDO BHF Technology Oportunities Fund S.L.P.,B2 Shares,FR001400BYK6,15,"Germany, Austria, Belgium, Spain, France, Italy, Luxembourg, The Netherlands, United Kingdom, Sweden, Switzerland, Finland, Denmark, Norway (fund), Island (fund)"
FRENCH FUNDS,ODDO BHF Technology Oportunities Fund S.L.P.,B3 Shares,FR001400BYL4,15,"Germany, Austria, Belgium, Spain, France, Italy, Luxembourg, The Netherlands, United Kingdom, Sweden, Switzerland, Finland, Denmark, Norway (fund), Island (fund)"
FRENCH FUNDS,ODDO BHF Technology Oportunities Fund S.L.P.,B4 Shares,FR001400BYM2,15,"Germany, Austria, Belgium, Spain, France, Italy, Luxembourg, The Netherlands, United Kingdom, Sweden, Switzerland, Finland, Denmark, Norway (fund), Island (fund)"
FRENCH FUNDS,ODDO BHF Technology Oportunities Fund S.L.P.,E1 Shares,FR001400BUO6,15,"Germany, Austria, Belgium, Spain, France, Italy, Luxembourg, The Netherlands, United Kingdom, Sweden, Switzerland, Finland, Denmark, Norway (fund), Island (fund)"
FRENCH FUNDS,ODDO BHF Technology Oportunities Fund S.L.P.,E2 Shares,FR001400BYN0,15,"Germany, Austria, Belgium, Spain, France, Italy, Luxembourg, The Netherlands, United Kingdom, Sweden, Switzerland, Finland, Denmark, Norway (fund), Island (fund)"
FRENCH FUNDS,ODDO BHF Technology Oportunities Fund S.L.P.,S Shares,FR001400TXB9,15,"Germany, Austria, Belgium, Spain, France, Italy, Luxembourg, The Netherlands, United Kingdom, Sweden, Switzerland, Finland, Denmark, Norway (fund), Island (fund)"
FRENCH FUNDS,ODDO BHF Technology Oportunities Fund S.L.P.,C Shares,FR001400BUP3,15,"Germany, Austria, Belgium, Spain, France, Italy, Luxembourg, The Netherlands, United Kingdom, Sweden, Switzerland, Finland, Denmark, Norway (fund), Island (fund)"
FRENCH FUNDS,ODDO BHF Technology Oportunities Fund S.L.P.,GP Shares,FR001400BUQ1,15,"Germany, Austria, Belgium, Spain, France, Italy, Luxembourg, The Netherlands, United Kingdom, Sweden, Switzerland, Finland, Denmark, Norway (fund), Island (fund)"
FRENCH FUNDS,ODDO BHF Secondaries Fund II S.L.P.,A1 Shares,FR0014005Q80,15,"Germany, Austria, Belgium, Spain, France, Italy, Luxembourg, The Netherlands, United Kingdom, Sweden, Switzerland, Finland, Denmark, Norway (fund), Island (fund)"
FRENCH FUNDS,ODDO BHF Secondaries Fund II S.L.P.,A2 Shares,FR0014005Q98,15,"Germany, Austria, Belgium, Spain, France, Italy, Luxembourg, The Netherlands, United Kingdom, Sweden, Switzerland, Finland, Denmark, Norway (fund), Island (fund)"
FRENCH FUNDS,ODDO BHF Secondaries Fund II S.L.P.,A3 Shares,FR0014005QA9,15,"Germany, Austria, Belgium, Spain, France, Italy, Luxembourg, The Netherlands, United Kingdom, Sweden, Switzerland, Finland, Denmark, Norway (fund), Island (fund)"
FRENCH FUNDS,ODDO BHF Secondaries Fund II S.L.P.,A4 Shares,FR0014005QB7,15,"Germany, Austria, Belgium, Spain, France, Italy, Luxembourg, The Netherlands, United Kingdom, Sweden, Switzerland, Finland, Denmark, Norway (fund), Island (fund)"
FRENCH FUNDS,ODDO BHF Secondaries Fund II S.L.P.,E Shares,FR0014005QC5,15,"Germany, Austria, Belgium, Spain, France, Italy, Luxembourg, The Netherlands, United Kingdom, Sweden, Switzerland, Finland, Denmark, Norway (fund), Island (fund)"
FRENCH FUNDS,ODDO BHF Secondaries Fund II S.L.P.,C Shares,FR0014005QD3,15,"Germany, Austria, Belgium, Spain, France, Italy, Luxembourg, The Netherlands, United Kingdom, Sweden, Switzerland, Finland, Denmark, Norway (fund), Island (fund)"
FRENCH FUNDS,FCPR ODDO BHF Global Secondary,A Shares,FR001400B1S2,1,France
FRENCH FUNDS,FCPR ODDO BHF Global Secondary,B Shares,FR001400B1T0,1,France
FRENCH FUNDS,FCPR ODDO BHF Global Secondary,D Shares,FR001400B1U8,1,France
FRENCH FUNDS,FCPR ODDO BHF Global Secondary,G Shares,FR001400B1V6,1,France
FRENCH FUNDS,FCPR ODDO BHF Global Secondary,O Shares,FR001400B1W4,1,France
FRENCH FUNDS,FCPR ODDO BHF Global Secondary,C Shares,FR001400B1X2,1,France
FRENCH FUNDS,FCPR ODDO BHF Invest For Tomorrow,A Shares,FR001400E466,1,France
FRENCH FUNDS,FCPR ODDO BHF Invest For Tomorrow,B Shares,FR001400E4E3,1,France
FRENCH FUNDS,FCPR ODDO BHF Invest For Tomorrow,C Shares,FR001400E4D5,1,France
FRENCH FUNDS,FCPR ODDO BHF Invest For Tomorrow,D Shares,FR001400E4C7,1,France
FRENCH FUNDS,FCPR ODDO BHF Invest For Tomorrow,G Shares,FR001400E4B9,1,France
FRENCH FUNDS,FCPR ODDO BHF Invest For Tomorrow,L Shares,FR001400E4A1,1,France
FRENCH FUNDS,FCPR ODDO BHF Invest For Tomorrow,O Shares,FR001400E490,1,France
FRENCH FUNDS,FCPR ODDO BHF Invest For Tomorrow,S Shares,FR001400E482,1,France
FRENCH FUNDS,FCPR ODDO BHF European Secondary,A Shares,FR001400OC04,1,France
FRENCH FUNDS,FCPR ODDO BHF European Secondary,O Shares,FR001400OC12,1,France
FRENCH FUNDS,FCPR ODDO BHF European Secondary,G Shares,FR001400FT97,1,France
FRENCH FUNDS,FCPR ODDO BHF European Secondary,D Shares,FR001400FTA8,1,France
FRENCH FUNDS,FCPR ODDO BHF European Secondary,C SHares,FR001400FTB6,1,France
FRENCH FUNDS,ODDO BHF Strategic Opportunities,A1 Shares,FR001400J259,13,"Germany, Austria, Belgium, Spain, France, Italy, Luxembourg, The Netherlands, Sweden, Switzerland, Finland, Denmark, Norway (fund)"
FRENCH FUNDS,ODDO BHF Strategic Opportunities,A2 Shares,FR001400J267,13,"Germany, Austria, Belgium, Spain, France, Italy, Luxembourg, The Netherlands, Sweden, Switzerland, Finland, Denmark, Norway (fund)"
FRENCH FUNDS,ODDO BHF Strategic Opportunities,A3 Shares,FR001400J275,13,"Germany, Austria, Belgium, Spain, France, Italy, Luxembourg, The Netherlands, Sweden, Switzerland, Finland, Denmark, Norway (fund)"
FRENCH FUNDS,ODDO BHF Strategic Opportunities,A4 Shares,FR001400J283,13,"Germany, Austria, Belgium, Spain, France, Italy, Luxembourg, The Netherlands, Sweden, Switzerland, Finland, Denmark, Norway (fund)"
FRENCH FUNDS,ODDO BHF Strategic Opportunities,A6 Shares,FR001400U5Y8,13,"Germany, Austria, Belgium, Spain, France, Italy, Luxembourg, The Netherlands, Sweden, Switzerland, Finland, Denmark, Norway (fund)"
FRENCH FUNDS,ODDO BHF Strategic Opportunities,E1 Shares,FR0014010ST5,13,"Germany, Austria, Belgium, Spain, France, Italy, Luxembourg, The Netherlands, Sweden, Switzerland, Finland, Denmark, Norway (fund)"
FRENCH FUNDS,ODDO BHF Strategic Opportunities,E2 Shares,FR0014010SU3,13,"Germany, Austria, Belgium, Spain, France, Italy, Luxembourg, The Netherlands, Sweden, Switzerland, Finland, Denmark, Norway (fund)"
FRENCH FUNDS,ODDO BHF Strategic Opportunities,E3 Shares,FR0014010SV1,13,"Germany, Austria, Belgium, Spain, France, Italy, Luxembourg, The Netherlands, Sweden, Switzerland, Finland, Denmark, Norway (fund)"
FRENCH FUNDS,ODDO BHF Strategic Opportunities,C Shares,FR001400J291,13,"Germany, Austria, Belgium, Spain, France, Italy, Luxembourg, The Netherlands, Sweden, Switzerland, Finland, Denmark, Norway (fund)"
FRENCH FUNDS,ODDO BHF Strategic Opportunities,S Shares,FR001400U5Z5,13,"Germany, Austria, Belgium, Spain, France, Italy, Luxembourg, The Netherlands, Sweden, Switzerland, Finland, Denmark, Norway (fund)"
FRENCH FUNDS,ODDO BHF Strategic Opportunities,I Shares,FR001400J2A0,13,"Germany, Austria, Belgium, Spain, France, Italy, Luxembourg, The Netherlands, Sweden, Switzerland, Finland, Denmark, Norway (fund)"
FRENCH FUNDS,ODDO BHF Strategic Opportunities,GP Shares,FR001400J242,13,"Germany, Austria, Belgium, Spain, France, Italy, Luxembourg, The Netherlands, Sweden, Switzerland, Finland, Denmark, Norway (fund)"
FRENCH FUNDS,ODDO BHF Opportunités Stratégiques,E Shares,FR001400KJ68,5,"Germany, Belgium, France, Luxembourg, Switzerland"
FRENCH FUNDS,ODDO BHF Opportunités Stratégiques,F Shares,FR001400URC7,5,"Germany, Belgium, France, Luxembourg, Switzerland"
FRENCH FUNDS,ODDO BHF Opportunités Stratégiques,G Shares,FR001400KK24,5,"Germany, Belgium, France, Luxembourg, Switzerland"
FRENCH FUNDS,ODDO BHF Opportunités Stratégiques,O Shares,FR001400KK32,5,"Germany, Belgium, France, Luxembourg, Switzerland"
FRENCH FUNDS,ODDO BHF Opportunités Stratégiques,P1 Shares,FR001400M8M7,5,"Germany, Belgium, France, Luxembourg, Switzerland"
FRENCH FUNDS,ODDO BHF Opportunités Stratégiques,P2 Shares,FR001400M8N5,5,"Germany, Belgium, France, Luxembourg, Switzerland"
FRENCH FUNDS,ODDO BHF Opportunités Stratégiques,T Shares,FR001400KJA9,5,"Germany, Belgium, France, Luxembourg, Switzerland"
FRENCH FUNDS,ODDO BHF Opportunités Stratégiques,A Shares,FR001400KJ35,5,"Germany, Belgium, France, Luxembourg, Switzerland"
FRENCH FUNDS,ODDO BHF Opportunités Stratégiques,C Shares,FR001400KJ50,5,"Germany, Belgium, France, Luxembourg, Switzerland"
FRENCH FUNDS,ODDO BHF Opportunités Stratégiques,I Shares,FR001400KJ76,5,"Germany, Belgium, France, Luxembourg, Switzerland"
FRENCH FUNDS,ODDO BHF Opportunités Stratégiques,GP Shares,FR001400KJ43,5,"Germany, Belgium, France, Luxembourg, Switzerland"
FRENCH FUNDS,ODDO BHF Environmental Opportunities II S.L.P.,A1 Shares,FR001400HPG9,14,"Germany, Austria, Belgium, Spain, France, Italy, Luxembourg, The Netherlands, United Kingdom, Sweden, Switzerland, Finland, Denmark, Norway (fund)"
FRENCH FUNDS,ODDO BHF Environmental Opportunities II S.L.P.,A2 Shares,FR001400HPH7,14,"Germany, Austria, Belgium, Spain, France, Italy, Luxembourg, The Netherlands, United Kingdom, Sweden, Switzerland, Finland, Denmark, Norway (fund)"
FRENCH FUNDS,ODDO BHF Environmental Opportunities II S.L.P.,A3 Shares,FR001400HPI5,14,"Germany, Austria, Belgium, Spain, France, Italy, Luxembourg, The Netherlands, United Kingdom, Sweden, Switzerland, Finland, Denmark, Norway (fund)"
FRENCH FUNDS,ODDO BHF Environmental Opportunities II S.L.P.,B1 Shares,FR001400HPJ3,14,"Germany, Austria, Belgium, Spain, France, Italy, Luxembourg, The Netherlands, United Kingdom, Sweden, Switzerland, Finland, Denmark, Norway (fund)"
FRENCH FUNDS,ODDO BHF Environmental Opportunities II S.L.P.,B2 Shares,FR001400IEI7,14,"Germany, Austria, Belgium, Spain, France, Italy, Luxembourg, The Netherlands, United Kingdom, Sweden, Switzerland, Finland, Denmark, Norway (fund)"
FRENCH FUNDS,ODDO BHF Environmental Opportunities II S.L.P.,B3 Shares,FR001400IEJ5,14,"Germany, Austria, Belgium, Spain, France, Italy, Luxembourg, The Netherlands, United Kingdom, Sweden, Switzerland, Finland, Denmark, Norway (fund)"
FRENCH FUNDS,ODDO BHF Environmental Opportunities II S.L.P.,E1 Shares,FR001400HPK1,14,"Germany, Austria, Belgium, Spain, France, Italy, Luxembourg, The Netherlands, United Kingdom, Sweden, Switzerland, Finland, Denmark, Norway (fund)"
FRENCH FUNDS,ODDO BHF Environmental Opportunities II S.L.P.,E2 Shares,FR001400IEL1,14,"Germany, Austria, Belgium, Spain, France, Italy, Luxembourg, The Netherlands, United Kingdom, Sweden, Switzerland, Finland, Denmark, Norway (fund)"
FRENCH FUNDS,ODDO BHF Environmental Opportunities II S.L.P.,C Shares,FR001400HPL9,14,"Germany, Austria, Belgium, Spain, France, Italy, Luxembourg, The Netherlands, United Kingdom, Sweden, Switzerland, Finland, Denmark, Norway (fund)"
FRENCH FUNDS,ODDO BHF Environmental Opportunities II S.L.P.,GP Shares,FR001400HPM7,14,"Germany, Austria, Belgium, Spain, France, Italy, Luxembourg, The Netherlands, United Kingdom, Sweden, Switzerland, Finland, Denmark, Norway (fund)"
FRENCH FUNDS,FCPR ODDO BHF Global Private Equity,A1 Shares,FR001400ROU2,3,"Belgium, France, Luxembourg"
FRENCH FUNDS,FCPR ODDO BHF Global Private Equity,A2 Shares,FR001400ROV0,3,"Belgium, France, Luxembourg"
FRENCH FUNDS,FCPR ODDO BHF Global Private Equity,B1 Shares,FR001400ROW8,3,"Belgium, France, Luxembourg"
FRENCH FUNDS,FCPR ODDO BHF Global Private Equity,B2 Shares,FR001400ROX6,3,"Belgium, France, Luxembourg"
FRENCH FUNDS,FCPR ODDO BHF Debt & Equity Opportunities II,A Shares,FR00140118F0,1,France
FRENCH FUNDS,FCPR ODDO BHF Debt & Equity Opportunities II,B Shares,FR00140118G8,1,France
FRENCH FUNDS,FCPR ODDO BHF Debt & Equity Opportunities II,O Shares,FR00140118H6,1,France
FRENCH FUNDS,FCPR ODDO BHF Debt & Equity Opportunities II,D Shares,FR00140118I4,1,France
FRENCH FUNDS,FCPR ODDO BHF Debt & Equity Opportunities II,C Shares,FR00140118J2,1,France
LUXEMBOURG FUNDS,ODDO BHF Commit For Tomorrow,A Shares,LU2739702079,6,"Germany, Austria, Belgium, France, Italy, Luxembourg"
LUXEMBOURG FUNDS,ODDO BHF Commit For Tomorrow,C Shares,LU2739702152,6,"Germany, Austria, Belgium, France, Italy, Luxembourg"
LUXEMBOURG FUNDS,ODDO BHF Commit For Tomorrow,D Shares,LU2739702236,6,"Germany, Austria, Belgium, France, Italy, Luxembourg"
LUXEMBOURG FUNDS,ODDO BHF Commit For Tomorrow,E1 Shares,LU2739702319,6,"Germany, Austria, Belgium, France, Italy, Luxembourg"
LUXEMBOURG FUNDS,ODDO BHF Commit For Tomorrow,E2 Shares,LU2739702400,6,"Germany, Austria, Belgium, France, Italy, Luxembourg"
LUXEMBOURG FUNDS,ODDO BHF Commit For Tomorrow,N Shares,LU2740444976,6,"Germany, Austria, Belgium, France, Italy, Luxembourg"
LUXEMBOURG FUNDS,ODDO BHF Environmental Opportunities,A1 Shares,LU2206786795,6,"Germany, Austria, Spain, France, Italy, Switzerland"
LUXEMBOURG FUNDS,ODDO BHF Environmental Opportunities,A2 Shares,LU2206786878,6,"Germany, Austria, Spain, France, Italy, Switzerland"
LUXEMBOURG FUNDS,ODDO BHF Environmental Opportunities,A3 Shares,LU2206786951,6,"Germany, Austria, Spain, France, Italy, Switzerland"
LUXEMBOURG FUNDS,ODDO BHF Environmental Opportunities,E Shares,LU2206787090,6,"Germany, Austria, Spain, France, Italy, Switzerland"
LUXEMBOURG FUNDS,ODDO BHF Environmental Opportunities,C Shares,LU2206787173,6,"Germany, Austria, Spain, France, Italy, Switzerland"
LUXEMBOURG FUNDS,ODDO BHF Technology Opportunities Fund Feeder SCA SICAV-RAIF,A1 Shares,LU2511875689,14,"Germany, Austria, Belgium, Spain, France, Italy, Luxembourg, The Netherlands, Sweden, Switzerland, Finland, Denmark, Norway (fund), Island (fund)"
LUXEMBOURG FUNDS,ODDO BHF Technology Opportunities Fund Feeder SCA SICAV-RAIF,A2 Shares,LU2511875762,14,"Germany, Austria, Belgium, Spain, France, Italy, Luxembourg, The Netherlands, Sweden, Switzerland, Finland, Denmark, Norway (fund), Island (fund)"
LUXEMBOURG FUNDS,ODDO BHF Technology Opportunities Fund Feeder SCA SICAV-RAIF,A3 Shares,LU2511875846,14,"Germany, Austria, Belgium, Spain, France, Italy, Luxembourg, The Netherlands, Sweden, Switzerland, Finland, Denmark, Norway (fund), Island (fund)"
LUXEMBOURG FUNDS,ODDO BHF Technology Opportunities Fund Feeder SCA SICAV-RAIF,A4 Shares,LU2511875929,14,"Germany, Austria, Belgium, Spain, France, Italy, Luxembourg, The Netherlands, Sweden, Switzerland, Finland, Denmark, Norway (fund), Island (fund)"
LUXEMBOURG FUNDS,ODDO BHF Technology Opportunities Fund Feeder SCA SICAV-RAIF,B1 Shares,LU2511876067,14,"Germany, Austria, Belgium, Spain, France, Italy, Luxembourg, The Netherlands, Sweden, Switzerland, Finland, Denmark, Norway (fund), Island (fund)"
LUXEMBOURG FUNDS,ODDO BHF Technology Opportunities Fund Feeder SCA SICAV-RAIF,B2 Shares,LU2511876141,14,"Germany, Austria, Belgium, Spain, France, Italy, Luxembourg, The Netherlands, Sweden, Switzerland, Finland, Denmark, Norway (fund), Island (fund)"
LUXEMBOURG FUNDS,ODDO BHF Technology Opportunities Fund Feeder SCA SICAV-RAIF,B3 Shares,LU2511876224,14,"Germany, Austria, Belgium, Spain, France, Italy, Luxembourg, The Netherlands, Sweden, Switzerland, Finland, Denmark, Norway (fund), Island (fund)"
LUXEMBOURG FUNDS,ODDO BHF Technology Opportunities Fund Feeder SCA SICAV-RAIF,B4 Shares,LU2511876497,14,"Germany, Austria, Belgium, Spain, France, Italy, Luxembourg, The Netherlands, Sweden, Switzerland, Finland, Denmark, Norway (fund), Island (fund)"
LUXEMBOURG FUNDS,ODDO BHF Technology Opportunities Fund Feeder SCA SICAV-RAIF,E1 Shares,LU2511876570,14,"Germany, Austria, Belgium, Spain, France, Italy, Luxembourg, The Netherlands, Sweden, Switzerland, Finland, Denmark, Norway (fund), Island (fund)"
LUXEMBOURG FUNDS,ODDO BHF Technology Opportunities Fund Feeder SCA SICAV-RAIF,E2 Shares,LU2511876653,14,"Germany, Austria, Belgium, Spain, France, Italy, Luxembourg, The Netherlands, Sweden, Switzerland, Finland, Denmark, Norway (fund), Island (fund)"
LUXEMBOURG FUNDS,ODDO BHF Secondaries Fund II Feeder SCA SICAV-RAIF,A1 Shares,LU2428033703,15,"Germany, Austria, Belgium, Spain, France, Italy, Luxembourg, The Netherlands, United Kingdom, Sweden, Switzerland, Finland, Denmark, Norway (fund), Island (fund)"
LUXEMBOURG FUNDS,ODDO BHF Secondaries Fund II Feeder SCA SICAV-RAIF,A2 Shares,LU2428033885,15,"Germany, Austria, Belgium, Spain, France, Italy, Luxembourg, The Netherlands, United Kingdom, Sweden, Switzerland, Finland, Denmark, Norway (fund), Island (fund)"
LUXEMBOURG FUNDS,ODDO BHF Secondaries Fund II Feeder SCA SICAV-RAIF,A3 Shares,LU2428033968,15,"Germany, Austria, Belgium, Spain, France, Italy, Luxembourg, The Netherlands, United Kingdom, Sweden, Switzerland, Finland, Denmark, Norway (fund), Island (fund)"
LUXEMBOURG FUNDS,ODDO BHF Secondaries Fund II Feeder SCA SICAV-RAIF,A4 Shares,LU2428034008,15,"Germany, Austria, Belgium, Spain, France, Italy, Luxembourg, The Netherlands, United Kingdom, Sweden, Switzerland, Finland, Denmark, Norway (fund), Island (fund)"
LUXEMBOURG FUNDS,ODDO BHF Secondaries Fund II Feeder SCA SICAV-RAIF,E Shares,LU2428059252,15,"Germany, Austria, Belgium, Spain, France, Italy, Luxembourg, The Netherlands, United Kingdom, Sweden, Switzerland, Finland, Denmark, Norway (fund), Island (fund)"
LUXEMBOURG FUNDS,ODDO BHF Environmental Opportunities II Feeder SCA SICAV-RAIF,A1 Shares,LU2633113290,14,"Germany, Austria, Belgium, Spain, France, Italy, Luxembourg, The Netherlands, United Kingdom, Sweden, Switzerland, Finland, Denmark, Norway (fund)"
LUXEMBOURG FUNDS,ODDO BHF Environmental Opportunities II Feeder SCA SICAV-RAIF,A2 Shares,LU2633113373,14,"Germany, Austria, Belgium, Spain, France, Italy, Luxembourg, The Netherlands, United Kingdom, Sweden, Switzerland, Finland, Denmark, Norway (fund)"
LUXEMBOURG FUNDS,ODDO BHF Environmental Opportunities II Feeder SCA SICAV-RAIF,A3 Shares,LU2633113456,14,"Germany, Austria, Belgium, Spain, France, Italy, Luxembourg, The Netherlands, United Kingdom, Sweden, Switzerland, Finland, Denmark, Norway (fund)"
LUXEMBOURG FUNDS,ODDO BHF Environmental Opportunities II Feeder SCA SICAV-RAIF,E Shares,LU2633113530,14,"Germany, Austria, Belgium, Spain, France, Italy, Luxembourg, The Netherlands, United Kingdom, Sweden, Switzerland, Finland, Denmark, Norway (fund)"
